tempsort,Group,Item,ItemNumber,WordSense,PictureWord,PictureWord_lc,TargetPic,ShortPic,Xdim,Ydim
5,1,bar_sense1,1,metal bar,BAR,bar,https://github.com/lmcl-umd/PolyPWI/blob/main/PolyPWIPics/bar_sense1.png?raw=true,bar_sense1.png,400,400
53,2,bar_sense1,1,metal bar,BAR,bar,https://github.com/lmcl-umd/PolyPWI/blob/main/PolyPWIPics/bar_sense1.png?raw=true,bar_sense1.png,400,400
101,3,bar_sense1,1,metal bar,BAR,bar,https://github.com/lmcl-umd/PolyPWI/blob/main/PolyPWIPics/bar_sense1.png?raw=true,bar_sense1.png,400,400
149,4,bar_sense1,1,metal bar,BAR,bar,https://github.com/lmcl-umd/PolyPWI/blob/main/PolyPWIPics/bar_sense1.png?raw=true,bar_sense1.png,400,400
6,1,bar_sense2,2,drinking bar,BAR,bar,https://github.com/lmcl-umd/PolyPWI/blob/main/PolyPWIPics/bar_sense2.png?raw=true,bar_sense2.png,400,400
54,2,bar_sense2,2,drinking bar,BAR,bar,https://github.com/lmcl-umd/PolyPWI/blob/main/PolyPWIPics/bar_sense2.png?raw=true,bar_sense2.png,400,400
102,3,bar_sense2,2,drinking bar,BAR,bar,https://github.com/lmcl-umd/PolyPWI/blob/main/PolyPWIPics/bar_sense2.png?raw=true,bar_sense2.png,400,400
150,4,bar_sense2,2,drinking bar,BAR,bar,https://github.com/lmcl-umd/PolyPWI/blob/main/PolyPWIPics/bar_sense2.png?raw=true,bar_sense2.png,400,400
25,1,bill_sense1,3,dollar bill,BILL,bill,https://github.com/lmcl-umd/PolyPWI/blob/main/PolyPWIPics/bill_sense1.png?raw=true,bill_sense1.png,400,400
73,2,bill_sense1,3,dollar bill,BILL,bill,https://github.com/lmcl-umd/PolyPWI/blob/main/PolyPWIPics/bill_sense1.png?raw=true,bill_sense1.png,400,400
121,3,bill_sense1,3,dollar bill,BILL,bill,https://github.com/lmcl-umd/PolyPWI/blob/main/PolyPWIPics/bill_sense1.png?raw=true,bill_sense1.png,400,400
169,4,bill_sense1,3,dollar bill,BILL,bill,https://github.com/lmcl-umd/PolyPWI/blob/main/PolyPWIPics/bill_sense1.png?raw=true,bill_sense1.png,400,400
26,1,bill_sense2,4,water bill,BILL,bill,https://github.com/lmcl-umd/PolyPWI/blob/main/PolyPWIPics/bill_sense2.png?raw=true,bill_sense2.png,400,400
74,2,bill_sense2,4,water bill,BILL,bill,https://github.com/lmcl-umd/PolyPWI/blob/main/PolyPWIPics/bill_sense2.png?raw=true,bill_sense2.png,400,400
122,3,bill_sense2,4,water bill,BILL,bill,https://github.com/lmcl-umd/PolyPWI/blob/main/PolyPWIPics/bill_sense2.png?raw=true,bill_sense2.png,400,400
170,4,bill_sense2,4,water bill,BILL,bill,https://github.com/lmcl-umd/PolyPWI/blob/main/PolyPWIPics/bill_sense2.png?raw=true,bill_sense2.png,400,400
13,1,bow_sense1,5,decorative bow,BOW,bow,https://github.com/lmcl-umd/PolyPWI/blob/main/PolyPWIPics/bow_sense1.jpg?raw=true,bow_sense1.jpg,400,400
61,2,bow_sense1,5,decorative bow,BOW,bow,https://github.com/lmcl-umd/PolyPWI/blob/main/PolyPWIPics/bow_sense1.jpg?raw=true,bow_sense1.jpg,400,400
109,3,bow_sense1,5,decorative bow,BOW,bow,https://github.com/lmcl-umd/PolyPWI/blob/main/PolyPWIPics/bow_sense1.jpg?raw=true,bow_sense1.jpg,400,400
157,4,bow_sense1,5,decorative bow,BOW,bow,https://github.com/lmcl-umd/PolyPWI/blob/main/PolyPWIPics/bow_sense1.jpg?raw=true,bow_sense1.jpg,400,400
14,1,bow_sense2,6,hunting bow,BOW,bow,https://github.com/lmcl-umd/PolyPWI/blob/main/PolyPWIPics/bow_sense2.jpg?raw=true,bow_sense2.jpg,400,400
62,2,bow_sense2,6,hunting bow,BOW,bow,https://github.com/lmcl-umd/PolyPWI/blob/main/PolyPWIPics/bow_sense2.jpg?raw=true,bow_sense2.jpg,400,400
110,3,bow_sense2,6,hunting bow,BOW,bow,https://github.com/lmcl-umd/PolyPWI/blob/main/PolyPWIPics/bow_sense2.jpg?raw=true,bow_sense2.jpg,400,400
158,4,bow_sense2,6,hunting bow,BOW,bow,https://github.com/lmcl-umd/PolyPWI/blob/main/PolyPWIPics/bow_sense2.jpg?raw=true,bow_sense2.jpg,400,400
1,1,cell_sense1,7,biological cell,CELL,cell,https://github.com/lmcl-umd/PolyPWI/blob/main/PolyPWIPics/cell_sense1.png?raw=true,cell_sense1.png,400,400
49,2,cell_sense1,7,biological cell,CELL,cell,https://github.com/lmcl-umd/PolyPWI/blob/main/PolyPWIPics/cell_sense1.png?raw=true,cell_sense1.png,400,400
97,3,cell_sense1,7,biological cell,CELL,cell,https://github.com/lmcl-umd/PolyPWI/blob/main/PolyPWIPics/cell_sense1.png?raw=true,cell_sense1.png,400,400
145,4,cell_sense1,7,biological cell,CELL,cell,https://github.com/lmcl-umd/PolyPWI/blob/main/PolyPWIPics/cell_sense1.png?raw=true,cell_sense1.png,400,400
2,1,cell_sense2,8,prison cell,CELL,cell,https://github.com/lmcl-umd/PolyPWI/blob/main/PolyPWIPics/cell_sense2.png?raw=true,cell_sense2.png,400,400
50,2,cell_sense2,8,prison cell,CELL,cell,https://github.com/lmcl-umd/PolyPWI/blob/main/PolyPWIPics/cell_sense2.png?raw=true,cell_sense2.png,400,400
98,3,cell_sense2,8,prison cell,CELL,cell,https://github.com/lmcl-umd/PolyPWI/blob/main/PolyPWIPics/cell_sense2.png?raw=true,cell_sense2.png,400,400
146,4,cell_sense2,8,prison cell,CELL,cell,https://github.com/lmcl-umd/PolyPWI/blob/main/PolyPWIPics/cell_sense2.png?raw=true,cell_sense2.png,400,400
46,1,cream_sense1,9,dairy cream,CREAM,cream,https://github.com/lmcl-umd/PolyPWI/blob/main/PolyPWIPics/cream_sense1.png?raw=true,cream_sense1.png,400,400
94,2,cream_sense1,9,dairy cream,CREAM,cream,https://github.com/lmcl-umd/PolyPWI/blob/main/PolyPWIPics/cream_sense1.png?raw=true,cream_sense1.png,400,400
142,3,cream_sense1,9,dairy cream,CREAM,cream,https://github.com/lmcl-umd/PolyPWI/blob/main/PolyPWIPics/cream_sense1.png?raw=true,cream_sense1.png,400,400
190,4,cream_sense1,9,dairy cream,CREAM,cream,https://github.com/lmcl-umd/PolyPWI/blob/main/PolyPWIPics/cream_sense1.png?raw=true,cream_sense1.png,400,400
29,1,date_sense1,10,a date on the calendar,DATE,date,https://github.com/lmcl-umd/PolyPWI/blob/main/PolyPWIPics/date_sense1.png?raw=true,date_sense1.png,400,400
77,2,date_sense1,10,a date on the calendar,DATE,date,https://github.com/lmcl-umd/PolyPWI/blob/main/PolyPWIPics/date_sense1.png?raw=true,date_sense1.png,400,400
125,3,date_sense1,10,a date on the calendar,DATE,date,https://github.com/lmcl-umd/PolyPWI/blob/main/PolyPWIPics/date_sense1.png?raw=true,date_sense1.png,400,400
173,4,date_sense1,10,a date on the calendar,DATE,date,https://github.com/lmcl-umd/PolyPWI/blob/main/PolyPWIPics/date_sense1.png?raw=true,date_sense1.png,400,400
30,1,date_sense2,11,a date in the sense of a meeting with someone,DATE,date,https://github.com/lmcl-umd/PolyPWI/blob/main/PolyPWIPics/date_sense2.png?raw=true,date_sense2.png,400,400
78,2,date_sense2,11,a date in the sense of a meeting with someone,DATE,date,https://github.com/lmcl-umd/PolyPWI/blob/main/PolyPWIPics/date_sense2.png?raw=true,date_sense2.png,400,400
126,3,date_sense2,11,a date in the sense of a meeting with someone,DATE,date,https://github.com/lmcl-umd/PolyPWI/blob/main/PolyPWIPics/date_sense2.png?raw=true,date_sense2.png,400,400
174,4,date_sense2,11,a date in the sense of a meeting with someone,DATE,date,https://github.com/lmcl-umd/PolyPWI/blob/main/PolyPWIPics/date_sense2.png?raw=true,date_sense2.png,400,400
3,1,fan_sense1,12,hand fan,FAN,fan,https://github.com/lmcl-umd/PolyPWI/blob/main/PolyPWIPics/fan_sense1.png?raw=true,fan_sense1.png,400,400
51,2,fan_sense1,12,hand fan,FAN,fan,https://github.com/lmcl-umd/PolyPWI/blob/main/PolyPWIPics/fan_sense1.png?raw=true,fan_sense1.png,400,400
99,3,fan_sense1,12,hand fan,FAN,fan,https://github.com/lmcl-umd/PolyPWI/blob/main/PolyPWIPics/fan_sense1.png?raw=true,fan_sense1.png,400,400
147,4,fan_sense1,12,hand fan,FAN,fan,https://github.com/lmcl-umd/PolyPWI/blob/main/PolyPWIPics/fan_sense1.png?raw=true,fan_sense1.png,400,400
4,1,fan_sense2,13,sports fan,FAN,fan,https://github.com/lmcl-umd/PolyPWI/blob/main/PolyPWIPics/fan_sense2.png?raw=true,fan_sense2.png,400,400
52,2,fan_sense2,13,sports fan,FAN,fan,https://github.com/lmcl-umd/PolyPWI/blob/main/PolyPWIPics/fan_sense2.png?raw=true,fan_sense2.png,400,400
100,3,fan_sense2,13,sports fan,FAN,fan,https://github.com/lmcl-umd/PolyPWI/blob/main/PolyPWIPics/fan_sense2.png?raw=true,fan_sense2.png,400,400
148,4,fan_sense2,13,sports fan,FAN,fan,https://github.com/lmcl-umd/PolyPWI/blob/main/PolyPWIPics/fan_sense2.png?raw=true,fan_sense2.png,400,400
27,1,glass_sense1,14,material glass,GLASS,glass,https://github.com/lmcl-umd/PolyPWI/blob/main/PolyPWIPics/glass_sense1.png?raw=true,glass_sense1.png,400,400
75,2,glass_sense1,14,material glass,GLASS,glass,https://github.com/lmcl-umd/PolyPWI/blob/main/PolyPWIPics/glass_sense1.png?raw=true,glass_sense1.png,400,400
123,3,glass_sense1,14,material glass,GLASS,glass,https://github.com/lmcl-umd/PolyPWI/blob/main/PolyPWIPics/glass_sense1.png?raw=true,glass_sense1.png,400,400
171,4,glass_sense1,14,material glass,GLASS,glass,https://github.com/lmcl-umd/PolyPWI/blob/main/PolyPWIPics/glass_sense1.png?raw=true,glass_sense1.png,400,400
28,1,glass_sense2,15,drinking glass,GLASS,glass,https://github.com/lmcl-umd/PolyPWI/blob/main/PolyPWIPics/glass_sense2.jpg?raw=true,glass_sense2.jpg,400,400
76,2,glass_sense2,15,drinking glass,GLASS,glass,https://github.com/lmcl-umd/PolyPWI/blob/main/PolyPWIPics/glass_sense2.jpg?raw=true,glass_sense2.jpg,400,400
124,3,glass_sense2,15,drinking glass,GLASS,glass,https://github.com/lmcl-umd/PolyPWI/blob/main/PolyPWIPics/glass_sense2.jpg?raw=true,glass_sense2.jpg,400,400
172,4,glass_sense2,15,drinking glass,GLASS,glass,https://github.com/lmcl-umd/PolyPWI/blob/main/PolyPWIPics/glass_sense2.jpg?raw=true,glass_sense2.jpg,400,400
41,1,grain_sense2,16,whole grain,GRAIN,grain,https://github.com/lmcl-umd/PolyPWI/blob/main/PolyPWIPics/grain_sense2.jpg?raw=true,grain_sense2.jpg,400,400
89,2,grain_sense2,16,whole grain,GRAIN,grain,https://github.com/lmcl-umd/PolyPWI/blob/main/PolyPWIPics/grain_sense2.jpg?raw=true,grain_sense2.jpg,400,400
137,3,grain_sense2,16,whole grain,GRAIN,grain,https://github.com/lmcl-umd/PolyPWI/blob/main/PolyPWIPics/grain_sense2.jpg?raw=true,grain_sense2.jpg,400,400
185,4,grain_sense2,16,whole grain,GRAIN,grain,https://github.com/lmcl-umd/PolyPWI/blob/main/PolyPWIPics/grain_sense2.jpg?raw=true,grain_sense2.jpg,400,400
43,1,hand_sense1,17,anatomical hand,HAND,hand,https://github.com/lmcl-umd/PolyPWI/blob/main/PolyPWIPics/hand_sense1.jpg?raw=true,hand_sense1.jpg,400,400
91,2,hand_sense1,17,anatomical hand,HAND,hand,https://github.com/lmcl-umd/PolyPWI/blob/main/PolyPWIPics/hand_sense1.jpg?raw=true,hand_sense1.jpg,400,400
139,3,hand_sense1,17,anatomical hand,HAND,hand,https://github.com/lmcl-umd/PolyPWI/blob/main/PolyPWIPics/hand_sense1.jpg?raw=true,hand_sense1.jpg,400,400
187,4,hand_sense1,17,anatomical hand,HAND,hand,https://github.com/lmcl-umd/PolyPWI/blob/main/PolyPWIPics/hand_sense1.jpg?raw=true,hand_sense1.jpg,400,400
48,1,nail_sense2,18,finger nail,NAIL,nail,https://github.com/lmcl-umd/PolyPWI/blob/main/PolyPWIPics/nail_sense2.jpg?raw=true,nail_sense2.jpg,400,400
96,2,nail_sense2,18,finger nail,NAIL,nail,https://github.com/lmcl-umd/PolyPWI/blob/main/PolyPWIPics/nail_sense2.jpg?raw=true,nail_sense2.jpg,400,400
144,3,nail_sense2,18,finger nail,NAIL,nail,https://github.com/lmcl-umd/PolyPWI/blob/main/PolyPWIPics/nail_sense2.jpg?raw=true,nail_sense2.jpg,400,400
192,4,nail_sense2,18,finger nail,NAIL,nail,https://github.com/lmcl-umd/PolyPWI/blob/main/PolyPWIPics/nail_sense2.jpg?raw=true,nail_sense2.jpg,400,400
33,1,note_sense1,19,musical note,NOTE,note,https://github.com/lmcl-umd/PolyPWI/blob/main/PolyPWIPics/note_sense1.png?raw=true,note_sense1.png,400,400
81,2,note_sense1,19,musical note,NOTE,note,https://github.com/lmcl-umd/PolyPWI/blob/main/PolyPWIPics/note_sense1.png?raw=true,note_sense1.png,400,400
129,3,note_sense1,19,musical note,NOTE,note,https://github.com/lmcl-umd/PolyPWI/blob/main/PolyPWIPics/note_sense1.png?raw=true,note_sense1.png,400,400
177,4,note_sense1,19,musical note,NOTE,note,https://github.com/lmcl-umd/PolyPWI/blob/main/PolyPWIPics/note_sense1.png?raw=true,note_sense1.png,400,400
34,1,note_sense2,20,written note,NOTE,note,https://github.com/lmcl-umd/PolyPWI/blob/main/PolyPWIPics/note_sense2.jpg?raw=true,note_sense2.jpg,400,400
82,2,note_sense2,20,written note,NOTE,note,https://github.com/lmcl-umd/PolyPWI/blob/main/PolyPWIPics/note_sense2.jpg?raw=true,note_sense2.jpg,400,400
130,3,note_sense2,20,written note,NOTE,note,https://github.com/lmcl-umd/PolyPWI/blob/main/PolyPWIPics/note_sense2.jpg?raw=true,note_sense2.jpg,400,400
178,4,note_sense2,20,written note,NOTE,note,https://github.com/lmcl-umd/PolyPWI/blob/main/PolyPWIPics/note_sense2.jpg?raw=true,note_sense2.jpg,400,400
44,1,paper_sense1,21,material paper,PAPER,paper,https://github.com/lmcl-umd/PolyPWI/blob/main/PolyPWIPics/paper_sense1.jpg?raw=true,paper_sense1.jpg,400,400
92,2,paper_sense1,21,material paper,PAPER,paper,https://github.com/lmcl-umd/PolyPWI/blob/main/PolyPWIPics/paper_sense1.jpg?raw=true,paper_sense1.jpg,400,400
140,3,paper_sense1,21,material paper,PAPER,paper,https://github.com/lmcl-umd/PolyPWI/blob/main/PolyPWIPics/paper_sense1.jpg?raw=true,paper_sense1.jpg,400,400
188,4,paper_sense1,21,material paper,PAPER,paper,https://github.com/lmcl-umd/PolyPWI/blob/main/PolyPWIPics/paper_sense1.jpg?raw=true,paper_sense1.jpg,400,400
15,1,pen_sense1,22,writing pen,PEN,pen,https://github.com/lmcl-umd/PolyPWI/blob/main/PolyPWIPics/pen_sense1.jpg?raw=true,pen_sense1.jpg,400,400
63,2,pen_sense1,22,writing pen,PEN,pen,https://github.com/lmcl-umd/PolyPWI/blob/main/PolyPWIPics/pen_sense1.jpg?raw=true,pen_sense1.jpg,400,400
111,3,pen_sense1,22,writing pen,PEN,pen,https://github.com/lmcl-umd/PolyPWI/blob/main/PolyPWIPics/pen_sense1.jpg?raw=true,pen_sense1.jpg,400,400
159,4,pen_sense1,22,writing pen,PEN,pen,https://github.com/lmcl-umd/PolyPWI/blob/main/PolyPWIPics/pen_sense1.jpg?raw=true,pen_sense1.jpg,400,400
16,1,pen_sense2,23,pig pen,PEN,pen,https://github.com/lmcl-umd/PolyPWI/blob/main/PolyPWIPics/pen_sense2.png?raw=true,pen_sense2.png,400,400
64,2,pen_sense2,23,pig pen,PEN,pen,https://github.com/lmcl-umd/PolyPWI/blob/main/PolyPWIPics/pen_sense2.png?raw=true,pen_sense2.png,400,400
112,3,pen_sense2,23,pig pen,PEN,pen,https://github.com/lmcl-umd/PolyPWI/blob/main/PolyPWIPics/pen_sense2.png?raw=true,pen_sense2.png,400,400
160,4,pen_sense2,23,pig pen,PEN,pen,https://github.com/lmcl-umd/PolyPWI/blob/main/PolyPWIPics/pen_sense2.png?raw=true,pen_sense2.png,400,400
17,1,plant_sense1,24,forest plant,PLANT,plant,https://github.com/lmcl-umd/PolyPWI/blob/main/PolyPWIPics/plant_sense1.jpg?raw=true,plant_sense1.jpg,400,400
65,2,plant_sense1,24,forest plant,PLANT,plant,https://github.com/lmcl-umd/PolyPWI/blob/main/PolyPWIPics/plant_sense1.jpg?raw=true,plant_sense1.jpg,400,400
113,3,plant_sense1,24,forest plant,PLANT,plant,https://github.com/lmcl-umd/PolyPWI/blob/main/PolyPWIPics/plant_sense1.jpg?raw=true,plant_sense1.jpg,400,400
161,4,plant_sense1,24,forest plant,PLANT,plant,https://github.com/lmcl-umd/PolyPWI/blob/main/PolyPWIPics/plant_sense1.jpg?raw=true,plant_sense1.jpg,400,400
18,1,plant_sense2,25,power plant,PLANT,plant,https://github.com/lmcl-umd/PolyPWI/blob/main/PolyPWIPics/plant_sense2.png?raw=true,plant_sense2.png,400,400
66,2,plant_sense2,25,power plant,PLANT,plant,https://github.com/lmcl-umd/PolyPWI/blob/main/PolyPWIPics/plant_sense2.png?raw=true,plant_sense2.png,400,400
114,3,plant_sense2,25,power plant,PLANT,plant,https://github.com/lmcl-umd/PolyPWI/blob/main/PolyPWIPics/plant_sense2.png?raw=true,plant_sense2.png,400,400
162,4,plant_sense2,25,power plant,PLANT,plant,https://github.com/lmcl-umd/PolyPWI/blob/main/PolyPWIPics/plant_sense2.png?raw=true,plant_sense2.png,400,400
23,1,quarter_sense1,26,coin quarter,QUARTER,quarter,https://github.com/lmcl-umd/PolyPWI/blob/main/PolyPWIPics/quarter_sense1.jpg?raw=true,quarter_sense1.jpg,400,400
71,2,quarter_sense1,26,coin quarter,QUARTER,quarter,https://github.com/lmcl-umd/PolyPWI/blob/main/PolyPWIPics/quarter_sense1.jpg?raw=true,quarter_sense1.jpg,400,400
119,3,quarter_sense1,26,coin quarter,QUARTER,quarter,https://github.com/lmcl-umd/PolyPWI/blob/main/PolyPWIPics/quarter_sense1.jpg?raw=true,quarter_sense1.jpg,400,400
167,4,quarter_sense1,26,coin quarter,QUARTER,quarter,https://github.com/lmcl-umd/PolyPWI/blob/main/PolyPWIPics/quarter_sense1.jpg?raw=true,quarter_sense1.jpg,400,400
24,1,quarter_sense2,27,the unit of measurement of a fourth or a quarter of something,QUARTER,quarter,https://github.com/lmcl-umd/PolyPWI/blob/main/PolyPWIPics/quarter_sense2.png?raw=true,quarter_sense2.png,400,400
72,2,quarter_sense2,27,the unit of measurement of a fourth or a quarter of something,QUARTER,quarter,https://github.com/lmcl-umd/PolyPWI/blob/main/PolyPWIPics/quarter_sense2.png?raw=true,quarter_sense2.png,400,400
120,3,quarter_sense2,27,the unit of measurement of a fourth or a quarter of something,QUARTER,quarter,https://github.com/lmcl-umd/PolyPWI/blob/main/PolyPWIPics/quarter_sense2.png?raw=true,quarter_sense2.png,400,400
168,4,quarter_sense2,27,the unit of measurement of a fourth or a quarter of something,QUARTER,quarter,https://github.com/lmcl-umd/PolyPWI/blob/main/PolyPWIPics/quarter_sense2.png?raw=true,quarter_sense2.png,400,400
19,1,rib_sense1,28,barbecue rib,RIB,rib,https://github.com/lmcl-umd/PolyPWI/blob/main/PolyPWIPics/rib_sense1.png?raw=true,rib_sense1.png,400,400
67,2,rib_sense1,28,barbecue rib,RIB,rib,https://github.com/lmcl-umd/PolyPWI/blob/main/PolyPWIPics/rib_sense1.png?raw=true,rib_sense1.png,400,400
115,3,rib_sense1,28,barbecue rib,RIB,rib,https://github.com/lmcl-umd/PolyPWI/blob/main/PolyPWIPics/rib_sense1.png?raw=true,rib_sense1.png,400,400
163,4,rib_sense1,28,barbecue rib,RIB,rib,https://github.com/lmcl-umd/PolyPWI/blob/main/PolyPWIPics/rib_sense1.png?raw=true,rib_sense1.png,400,400
20,1,rib_sense2,29,skeletal rib,RIB,rib,https://github.com/lmcl-umd/PolyPWI/blob/main/PolyPWIPics/rib_sense2.png?raw=true,rib_sense2.png,400,400
68,2,rib_sense2,29,skeletal rib,RIB,rib,https://github.com/lmcl-umd/PolyPWI/blob/main/PolyPWIPics/rib_sense2.png?raw=true,rib_sense2.png,400,400
116,3,rib_sense2,29,skeletal rib,RIB,rib,https://github.com/lmcl-umd/PolyPWI/blob/main/PolyPWIPics/rib_sense2.png?raw=true,rib_sense2.png,400,400
164,4,rib_sense2,29,skeletal rib,RIB,rib,https://github.com/lmcl-umd/PolyPWI/blob/main/PolyPWIPics/rib_sense2.png?raw=true,rib_sense2.png,400,400
7,1,ring_sense1,30,jewelry ring,RING,ring,https://github.com/lmcl-umd/PolyPWI/blob/main/PolyPWIPics/ring_sense1.jpg?raw=true,ring_sense1.jpg,400,400
55,2,ring_sense1,30,jewelry ring,RING,ring,https://github.com/lmcl-umd/PolyPWI/blob/main/PolyPWIPics/ring_sense1.jpg?raw=true,ring_sense1.jpg,400,400
103,3,ring_sense1,30,jewelry ring,RING,ring,https://github.com/lmcl-umd/PolyPWI/blob/main/PolyPWIPics/ring_sense1.jpg?raw=true,ring_sense1.jpg,400,400
151,4,ring_sense1,30,jewelry ring,RING,ring,https://github.com/lmcl-umd/PolyPWI/blob/main/PolyPWIPics/ring_sense1.jpg?raw=true,ring_sense1.jpg,400,400
8,1,ring_sense2,31,boxing ring,RING,ring,https://github.com/lmcl-umd/PolyPWI/blob/main/PolyPWIPics/ring_sense2.png?raw=true,ring_sense2.png,400,400
56,2,ring_sense2,31,boxing ring,RING,ring,https://github.com/lmcl-umd/PolyPWI/blob/main/PolyPWIPics/ring_sense2.png?raw=true,ring_sense2.png,400,400
104,3,ring_sense2,31,boxing ring,RING,ring,https://github.com/lmcl-umd/PolyPWI/blob/main/PolyPWIPics/ring_sense2.png?raw=true,ring_sense2.png,400,400
152,4,ring_sense2,31,boxing ring,RING,ring,https://github.com/lmcl-umd/PolyPWI/blob/main/PolyPWIPics/ring_sense2.png?raw=true,ring_sense2.png,400,400
47,1,ruler_sense2,32,political ruler,RULER,ruler,https://github.com/lmcl-umd/PolyPWI/blob/main/PolyPWIPics/ruler_sense2.png?raw=true,ruler_sense2.png,400,400
95,2,ruler_sense2,32,political ruler,RULER,ruler,https://github.com/lmcl-umd/PolyPWI/blob/main/PolyPWIPics/ruler_sense2.png?raw=true,ruler_sense2.png,400,400
143,3,ruler_sense2,32,political ruler,RULER,ruler,https://github.com/lmcl-umd/PolyPWI/blob/main/PolyPWIPics/ruler_sense2.png?raw=true,ruler_sense2.png,400,400
191,4,ruler_sense2,32,political ruler,RULER,ruler,https://github.com/lmcl-umd/PolyPWI/blob/main/PolyPWIPics/ruler_sense2.png?raw=true,ruler_sense2.png,400,400
21,1,seal_sense1,33,Navy Seal,SEAL,seal,https://github.com/lmcl-umd/PolyPWI/blob/main/PolyPWIPics/seal_sense1.png?raw=true,seal_sense1.png,400,400
69,2,seal_sense1,33,Navy Seal,SEAL,seal,https://github.com/lmcl-umd/PolyPWI/blob/main/PolyPWIPics/seal_sense1.png?raw=true,seal_sense1.png,400,400
117,3,seal_sense1,33,Navy Seal,SEAL,seal,https://github.com/lmcl-umd/PolyPWI/blob/main/PolyPWIPics/seal_sense1.png?raw=true,seal_sense1.png,400,400
165,4,seal_sense1,33,Navy Seal,SEAL,seal,https://github.com/lmcl-umd/PolyPWI/blob/main/PolyPWIPics/seal_sense1.png?raw=true,seal_sense1.png,400,400
22,1,seal_sense2,34,animal seal,SEAL,seal,https://github.com/lmcl-umd/PolyPWI/blob/main/PolyPWIPics/seal_sense2.jpg?raw=true,seal_sense2.jpg,400,400
70,2,seal_sense2,34,animal seal,SEAL,seal,https://github.com/lmcl-umd/PolyPWI/blob/main/PolyPWIPics/seal_sense2.jpg?raw=true,seal_sense2.jpg,400,400
118,3,seal_sense2,34,animal seal,SEAL,seal,https://github.com/lmcl-umd/PolyPWI/blob/main/PolyPWIPics/seal_sense2.jpg?raw=true,seal_sense2.jpg,400,400
166,4,seal_sense2,34,animal seal,SEAL,seal,https://github.com/lmcl-umd/PolyPWI/blob/main/PolyPWIPics/seal_sense2.jpg?raw=true,seal_sense2.jpg,400,400
31,1,shower_sense1,35,the physical stall within which one takes a shower,SHOWER,shower,https://github.com/lmcl-umd/PolyPWI/blob/main/PolyPWIPics/shower_sense1.jpg?raw=true,shower_sense1.jpg,400,400
79,2,shower_sense1,35,the physical stall within which one takes a shower,SHOWER,shower,https://github.com/lmcl-umd/PolyPWI/blob/main/PolyPWIPics/shower_sense1.jpg?raw=true,shower_sense1.jpg,400,400
127,3,shower_sense1,35,the physical stall within which one takes a shower,SHOWER,shower,https://github.com/lmcl-umd/PolyPWI/blob/main/PolyPWIPics/shower_sense1.jpg?raw=true,shower_sense1.jpg,400,400
175,4,shower_sense1,35,the physical stall within which one takes a shower,SHOWER,shower,https://github.com/lmcl-umd/PolyPWI/blob/main/PolyPWIPics/shower_sense1.jpg?raw=true,shower_sense1.jpg,400,400
32,1,shower_sense2,36,the experience of taking a shower,SHOWER,shower,https://github.com/lmcl-umd/PolyPWI/blob/main/PolyPWIPics/shower_sense2.png?raw=true,shower_sense2.png,400,400
80,2,shower_sense2,36,the experience of taking a shower,SHOWER,shower,https://github.com/lmcl-umd/PolyPWI/blob/main/PolyPWIPics/shower_sense2.png?raw=true,shower_sense2.png,400,400
128,3,shower_sense2,36,the experience of taking a shower,SHOWER,shower,https://github.com/lmcl-umd/PolyPWI/blob/main/PolyPWIPics/shower_sense2.png?raw=true,shower_sense2.png,400,400
176,4,shower_sense2,36,the experience of taking a shower,SHOWER,shower,https://github.com/lmcl-umd/PolyPWI/blob/main/PolyPWIPics/shower_sense2.png?raw=true,shower_sense2.png,400,400
42,1,sign_sense1,37,billboard sign,SIGN,sign,https://github.com/lmcl-umd/PolyPWI/blob/main/PolyPWIPics/sign_sense1.png?raw=true,sign_sense1.png,400,400
90,2,sign_sense1,37,billboard sign,SIGN,sign,https://github.com/lmcl-umd/PolyPWI/blob/main/PolyPWIPics/sign_sense1.png?raw=true,sign_sense1.png,400,400
138,3,sign_sense1,37,billboard sign,SIGN,sign,https://github.com/lmcl-umd/PolyPWI/blob/main/PolyPWIPics/sign_sense1.png?raw=true,sign_sense1.png,400,400
186,4,sign_sense1,37,billboard sign,SIGN,sign,https://github.com/lmcl-umd/PolyPWI/blob/main/PolyPWIPics/sign_sense1.png?raw=true,sign_sense1.png,400,400
35,1,son_sense1,38,familial son,SON,son,https://github.com/lmcl-umd/PolyPWI/blob/main/PolyPWIPics/son_sense1.png?raw=true,son_sense1.png,400,400
83,2,son_sense1,38,familial son,SON,son,https://github.com/lmcl-umd/PolyPWI/blob/main/PolyPWIPics/son_sense1.png?raw=true,son_sense1.png,400,400
131,3,son_sense1,38,familial son,SON,son,https://github.com/lmcl-umd/PolyPWI/blob/main/PolyPWIPics/son_sense1.png?raw=true,son_sense1.png,400,400
179,4,son_sense1,38,familial son,SON,son,https://github.com/lmcl-umd/PolyPWI/blob/main/PolyPWIPics/son_sense1.png?raw=true,son_sense1.png,400,400
36,1,son_sense2,39,shining sun,SUN,sun,https://github.com/lmcl-umd/PolyPWI/blob/main/PolyPWIPics/son_sense2.png?raw=true,son_sense2.png,400,400
84,2,son_sense2,39,shining sun,SUN,sun,https://github.com/lmcl-umd/PolyPWI/blob/main/PolyPWIPics/son_sense2.png?raw=true,son_sense2.png,400,400
132,3,son_sense2,39,shining sun,SUN,sun,https://github.com/lmcl-umd/PolyPWI/blob/main/PolyPWIPics/son_sense2.png?raw=true,son_sense2.png,400,400
180,4,son_sense2,39,shining sun,SUN,sun,https://github.com/lmcl-umd/PolyPWI/blob/main/PolyPWIPics/son_sense2.png?raw=true,son_sense2.png,400,400
45,1,space_sense2,40,outer space,SPACE,space,https://github.com/lmcl-umd/PolyPWI/blob/main/PolyPWIPics/space_sense2.png?raw=true,space_sense2.png,400,400
93,2,space_sense2,40,outer space,SPACE,space,https://github.com/lmcl-umd/PolyPWI/blob/main/PolyPWIPics/space_sense2.png?raw=true,space_sense2.png,400,400
141,3,space_sense2,40,outer space,SPACE,space,https://github.com/lmcl-umd/PolyPWI/blob/main/PolyPWIPics/space_sense2.png?raw=true,space_sense2.png,400,400
189,4,space_sense2,40,outer space,SPACE,space,https://github.com/lmcl-umd/PolyPWI/blob/main/PolyPWIPics/space_sense2.png?raw=true,space_sense2.png,400,400
9,1,speaker_sense1,41,musical speaker,SPEAKER,speaker,https://github.com/lmcl-umd/PolyPWI/blob/main/PolyPWIPics/speaker_sense1.jpg?raw=true,speaker_sense1.jpg,400,400
57,2,speaker_sense1,41,musical speaker,SPEAKER,speaker,https://github.com/lmcl-umd/PolyPWI/blob/main/PolyPWIPics/speaker_sense1.jpg?raw=true,speaker_sense1.jpg,400,400
105,3,speaker_sense1,41,musical speaker,SPEAKER,speaker,https://github.com/lmcl-umd/PolyPWI/blob/main/PolyPWIPics/speaker_sense1.jpg?raw=true,speaker_sense1.jpg,400,400
153,4,speaker_sense1,41,musical speaker,SPEAKER,speaker,https://github.com/lmcl-umd/PolyPWI/blob/main/PolyPWIPics/speaker_sense1.jpg?raw=true,speaker_sense1.jpg,400,400
10,1,speaker_sense2,42,lecturing speaker,SPEAKER,speaker,https://github.com/lmcl-umd/PolyPWI/blob/main/PolyPWIPics/speaker_sense2.png?raw=true,speaker_sense2.png,400,400
58,2,speaker_sense2,42,lecturing speaker,SPEAKER,speaker,https://github.com/lmcl-umd/PolyPWI/blob/main/PolyPWIPics/speaker_sense2.png?raw=true,speaker_sense2.png,400,400
106,3,speaker_sense2,42,lecturing speaker,SPEAKER,speaker,https://github.com/lmcl-umd/PolyPWI/blob/main/PolyPWIPics/speaker_sense2.png?raw=true,speaker_sense2.png,400,400
154,4,speaker_sense2,42,lecturing speaker,SPEAKER,speaker,https://github.com/lmcl-umd/PolyPWI/blob/main/PolyPWIPics/speaker_sense2.png?raw=true,speaker_sense2.png,400,400
37,1,sponge_sense1,43,kitchen sponge,SPONGE,sponge,https://github.com/lmcl-umd/PolyPWI/blob/main/PolyPWIPics/sponge_sense1.jpg?raw=true,sponge_sense1.jpg,400,400
85,2,sponge_sense1,43,kitchen sponge,SPONGE,sponge,https://github.com/lmcl-umd/PolyPWI/blob/main/PolyPWIPics/sponge_sense1.jpg?raw=true,sponge_sense1.jpg,400,400
133,3,sponge_sense1,43,kitchen sponge,SPONGE,sponge,https://github.com/lmcl-umd/PolyPWI/blob/main/PolyPWIPics/sponge_sense1.jpg?raw=true,sponge_sense1.jpg,400,400
181,4,sponge_sense1,43,kitchen sponge,SPONGE,sponge,https://github.com/lmcl-umd/PolyPWI/blob/main/PolyPWIPics/sponge_sense1.jpg?raw=true,sponge_sense1.jpg,400,400
38,1,sponge_sense2,44,animal sponge in the sea,SPONGE,sponge,https://github.com/lmcl-umd/PolyPWI/blob/main/PolyPWIPics/sponge_sense2.png?raw=true,sponge_sense2.png,400,400
86,2,sponge_sense2,44,animal sponge in the sea,SPONGE,sponge,https://github.com/lmcl-umd/PolyPWI/blob/main/PolyPWIPics/sponge_sense2.png?raw=true,sponge_sense2.png,400,400
134,3,sponge_sense2,44,animal sponge in the sea,SPONGE,sponge,https://github.com/lmcl-umd/PolyPWI/blob/main/PolyPWIPics/sponge_sense2.png?raw=true,sponge_sense2.png,400,400
182,4,sponge_sense2,44,animal sponge in the sea,SPONGE,sponge,https://github.com/lmcl-umd/PolyPWI/blob/main/PolyPWIPics/sponge_sense2.png?raw=true,sponge_sense2.png,400,400
39,1,tape_sense1,45,mix tape,TAPE,tape,https://github.com/lmcl-umd/PolyPWI/blob/main/PolyPWIPics/tape_sense1.png?raw=true,tape_sense1.png,400,400
87,2,tape_sense1,45,mix tape,TAPE,tape,https://github.com/lmcl-umd/PolyPWI/blob/main/PolyPWIPics/tape_sense1.png?raw=true,tape_sense1.png,400,400
135,3,tape_sense1,45,mix tape,TAPE,tape,https://github.com/lmcl-umd/PolyPWI/blob/main/PolyPWIPics/tape_sense1.png?raw=true,tape_sense1.png,400,400
183,4,tape_sense1,45,mix tape,TAPE,tape,https://github.com/lmcl-umd/PolyPWI/blob/main/PolyPWIPics/tape_sense1.png?raw=true,tape_sense1.png,400,400
40,1,tape_sense2,46,sticky tape,TAPE,tape,https://github.com/lmcl-umd/PolyPWI/blob/main/PolyPWIPics/tape_sense2.jpg?raw=true,tape_sense2.jpg,400,400
88,2,tape_sense2,46,sticky tape,TAPE,tape,https://github.com/lmcl-umd/PolyPWI/blob/main/PolyPWIPics/tape_sense2.jpg?raw=true,tape_sense2.jpg,400,400
136,3,tape_sense2,46,sticky tape,TAPE,tape,https://github.com/lmcl-umd/PolyPWI/blob/main/PolyPWIPics/tape_sense2.jpg?raw=true,tape_sense2.jpg,400,400
184,4,tape_sense2,46,sticky tape,TAPE,tape,https://github.com/lmcl-umd/PolyPWI/blob/main/PolyPWIPics/tape_sense2.jpg?raw=true,tape_sense2.jpg,400,400
11,1,wing_sense1,47,bird wing for flying,WING,wing,https://github.com/lmcl-umd/PolyPWI/blob/main/PolyPWIPics/wing_sense1.png?raw=true,wing_sense1.png,400,400
59,2,wing_sense1,47,bird wing for flying,WING,wing,https://github.com/lmcl-umd/PolyPWI/blob/main/PolyPWIPics/wing_sense1.png?raw=true,wing_sense1.png,400,400
107,3,wing_sense1,47,bird wing for flying,WING,wing,https://github.com/lmcl-umd/PolyPWI/blob/main/PolyPWIPics/wing_sense1.png?raw=true,wing_sense1.png,400,400
155,4,wing_sense1,47,bird wing for flying,WING,wing,https://github.com/lmcl-umd/PolyPWI/blob/main/PolyPWIPics/wing_sense1.png?raw=true,wing_sense1.png,400,400
12,1,wing_sense2,48,chicken wing for eating,WING,wing,https://github.com/lmcl-umd/PolyPWI/blob/main/PolyPWIPics/wing_sense2.png?raw=true,wing_sense2.png,400,400
60,2,wing_sense2,48,chicken wing for eating,WING,wing,https://github.com/lmcl-umd/PolyPWI/blob/main/PolyPWIPics/wing_sense2.png?raw=true,wing_sense2.png,400,400
108,3,wing_sense2,48,chicken wing for eating,WING,wing,https://github.com/lmcl-umd/PolyPWI/blob/main/PolyPWIPics/wing_sense2.png?raw=true,wing_sense2.png,400,400
156,4,wing_sense2,48,chicken wing for eating,WING,wing,https://github.com/lmcl-umd/PolyPWI/blob/main/PolyPWIPics/wing_sense2.png?raw=true,wing_sense2.png,400,400
